Acetobacterium carbinolicum	0.9646	0.9563	0.00746	1.113
Acetobacterium malicum	0.9628	0.9566	0.007747	0.8003
Acetobacterium paludosum	0.9547	0.9579	0.008003	0.3999
Acetobacterium tundrae	0.9469	0.9592	0.006619	1.858
Acetobacterium bakii	0.9465	0.9593	0.006491	1.972
Acetobacterium woodii	0.9620	0.9567	0.007845	0.6756
Acetobacterium wieringae	0.9648	0.9563	0.007423	1.145
