Acidiphilium multivorum	0.9519	0.9541	0.01891	0.1163
Acidiphilium iwatense	0.9517	0.9541	0.01891	0.1269
Acidiphilium cryptum	0.9461	0.9553	0.01856	0.4957
Acidiphilium angustum	0.9684	0.9508	0.01752	1.005
Acidiphilium organovorum	0.9247	0.9595	0.01250	2.784
Acidiphilium rubrum	0.9796	0.9486	0.01407	2.203
