Actinophytocola sediminis	0.9591	0.9605	0.006652	0.2105
Actinophytocola oryzae	0.9643	0.9598	0.006479	0.6946
Actinophytocola timorensis	0.9660	0.9596	0.00627	1.021
Actinophytocola burenkhanensis	0.9521	0.9615	0.005776	1.627
Actinophytocola xinjiangensis	0.9651	0.9597	0.00639	0.8451
Actinophytocola corallina	0.9617	0.9602	0.006649	0.2256
Actinophytocola gilvus	0.9660	0.9596	0.00627	1.021
Actinophytocola algeriensis	0.9486	0.9620	0.004681	2.863
