Actinopolymorpha cephalotaxi	0.9797	0.9633	0.009681	1.694
Actinopolymorpha pittospori	0.9666	0.9676	0.01269	0.07880
Actinopolymorpha rutila	0.9731	0.9655	0.01211	0.6276
Actinopolymorpha alba	0.9501	0.9731	0.005348	4.301
