Actinopolymorpha cephalotaxi	0.9797	0.9632	0.00967	1.706
Actinopolymorpha pittospori	0.9665	0.9676	0.01269	0.08668
Actinopolymorpha rutila	0.9731	0.9654	0.01211	0.6358
Actinopolymorpha alba	0.9501	0.9731	0.005389	4.268
