Actinophytocola sediminis	0.9592	0.9605	0.006652	0.1954
Actinophytocola oryzae	0.9643	0.9598	0.006477	0.6948
Actinophytocola timorensis	0.9660	0.9596	0.006269	1.021
Actinophytocola burenkhanensis	0.9521	0.9616	0.00577	1.646
Actinophytocola xinjiangensis	0.9651	0.9597	0.006389	0.8452
Actinophytocola corallina	0.9617	0.9602	0.006647	0.2257
Actinophytocola gilvus	0.9660	0.9596	0.006269	1.021
Actinophytocola algeriensis	0.9486	0.9621	0.004672	2.890
