Aliidiomarina shirensis	0.9312	0.9195	0.01352	0.8654
Aliidiomarina iranensis	0.9301	0.9197	0.01370	0.7591
Aliidiomarina sanyensis	0.9122	0.9233	0.01362	0.8150
Aliidiomarina taiwanensis	0.9065	0.9244	0.01235	1.449
Aliidiomarina soli	0.9406	0.9176	0.01084	2.122
Aliidiomarina haloalkalitolerans	0.9079	0.9241	0.01273	1.273
