Aliidiomarina shirensis	0.9312	0.9195	0.01355	0.8635
Aliidiomarina iranensis	0.9301	0.9197	0.01373	0.7575
Aliidiomarina sanyensis	0.9122	0.9233	0.01364	0.8138
Aliidiomarina taiwanensis	0.9065	0.9244	0.01237	1.447
Aliidiomarina soli	0.9407	0.9176	0.01084	2.131
Aliidiomarina haloalkalitolerans	0.9079	0.9241	0.01275	1.271
