Alkaliphilus crotonatoxidans	0.9140	0.9214	0.02822	0.2622
Alkaliphilus oremlandii	0.8976	0.9255	0.02552	1.093
Alkaliphilus peptidifermentans	0.9396	0.9150	0.02619	0.9393
Alkaliphilus halophilus	0.8905	0.9273	0.02317	1.588
Alkaliphilus transvaalensis	0.9579	0.9104	0.01888	2.516
