Alkaliphilus crotonatoxidans	0.9141	0.9214	0.0282	0.2589
Alkaliphilus oremlandii	0.8977	0.9255	0.02551	1.090
Alkaliphilus peptidifermentans	0.9396	0.9151	0.02618	0.9358
Alkaliphilus halophilus	0.8905	0.9273	0.02312	1.592
Alkaliphilus transvaalensis	0.9579	0.9105	0.01887	2.512
