Alkalibacillus filiformis	0.9444	0.9429	0.004331	0.3463
Alkalibacillus halophilus	0.9460	0.9425	0.004096	0.8545
Alkalibacillus silvisoli	0.9483	0.9420	0.003336	1.888
Alkalibacillus salilacus	0.9380	0.9445	0.003268	1.989
Alkalibacillus haloalkaliphilus	0.9394	0.9442	0.003825	1.255
