Allochromatium minutissimum	0.9637	0.9560	0.00844	0.9123
Allochromatium warmingii	0.9474	0.9601	0.007125	1.782
Allochromatium vinosum	0.9574	0.9576	0.009111	0.02195
Allochromatium humboldtianum	0.9692	0.9547	0.006378	2.273
Allochromatium phaeobacterium	0.9501	0.9594	0.008101	1.148
