Alteribacillus bidgolensis	0.9598	0.9409	0.0066	2.864
Alteribacillus persepolensis	0.9343	0.9537	0.00615	3.154
Alteribacillus alkaliphilus	0.9475	0.9471	0.01275	0.03137
