Amaricoccus veronensis	0.9374	0.9390	0.0075	0.2133
Amaricoccus macauensis	0.9315	0.9420	0.00455	2.308
Amaricoccus tamworthensis	0.9465	0.9345	0.00295	4.068
