Amphibacillus iburiensis	0.9401	0.9246	0.02090	0.7416
Amphibacillus marinus	0.9379	0.9250	0.02115	0.6099
Amphibacillus jilinensis	0.9409	0.9245	0.02080	0.7885
Amphibacillus sediminis	0.9341	0.9256	0.02147	0.3959
Amphibacillus tropicus	0.9115	0.9294	0.02063	0.8677
Amphibacillus indicireducens	0.9397	0.9247	0.02095	0.7160
Amphibacillus xylanus	0.8835	0.9340	0.01032	4.893
