Amphibacillus iburiensis	0.9401	0.9246	0.02092	0.7409
Amphibacillus marinus	0.9379	0.9250	0.02116	0.6096
Amphibacillus jilinensis	0.9409	0.9245	0.02081	0.7881
Amphibacillus sediminis	0.9341	0.9256	0.02148	0.3957
Amphibacillus tropicus	0.9115	0.9294	0.02064	0.8672
Amphibacillus indicireducens	0.9398	0.9247	0.02095	0.7208
Amphibacillus xylanus	0.8835	0.9341	0.01033	4.898
