Ancylobacter vacuolatus	0.9796	0.9710	0.004028	2.135
Ancylobacter dichloromethanicus	0.9784	0.9713	0.004472	1.588
Ancylobacter polymorphus	0.9715	0.9726	0.005317	0.2069
Ancylobacter defluvii	0.9670	0.9735	0.004622	1.406
Ancylobacter aquaticus	0.9679	0.9734	0.00485	1.134
Ancylobacter rudongensis	0.9703	0.9729	0.005233	0.4968
