Ancylobacter vacuolatus	0.9796	0.9710	0.004043	2.127
Ancylobacter dichloromethanicus	0.9784	0.9712	0.004487	1.605
Ancylobacter polymorphus	0.9715	0.9726	0.005335	0.2062
Ancylobacter defluvii	0.9670	0.9735	0.004646	1.399
Ancylobacter aquaticus	0.9678	0.9734	0.00485	1.155
Ancylobacter rudongensis	0.9703	0.9729	0.005252	0.4950
