Aneurinibacillus migulanus	0.9504	0.9346	0.005143	3.072
Aneurinibacillus tyrosinisolvens	0.9324	0.9382	0.007893	0.7348
Aneurinibacillus soli	0.9291	0.9389	0.007211	1.359
Aneurinibacillus terranovensis	0.9363	0.9374	0.00823	0.1337
Aneurinibacillus aneurinilyticus	0.9438	0.9359	0.007593	1.040
Aneurinibacillus thermoaerophilus	0.9315	0.9384	0.007747	0.8907
