Aquibacillus halophilus	0.9582	0.9550	0.00175	1.829
Aquibacillus salifodinae	0.9532	0.9575	0.00075	5.733
Aquibacillus koreensis	0.9567	0.9557	0.0025	0.4
