Arcanobacterium phocisimile	0.9498	0.9434	0.01783	0.3589
Arcanobacterium canis	0.9354	0.9462	0.01748	0.6178
Arcanobacterium hippocoleae	0.9284	0.9476	0.01623	1.183
Arcanobacterium pluranimalium	0.9236	0.9486	0.01486	1.682
Arcanobacterium pinnipediorum	0.9657	0.9402	0.01471	1.734
Arcanobacterium phocae	0.9637	0.9406	0.01536	1.504
