Asticcacaulis solisilvae	0.9382	0.9403	0.007975	0.2633
Asticcacaulis taihuensis	0.9485	0.9377	0.006414	1.684
Asticcacaulis benevestitus	0.9473	0.9380	0.006868	1.354
Asticcacaulis biprosthecium	0.9294	0.9425	0.005502	2.381
Asticcacaulis excentricus	0.9359	0.9409	0.007718	0.6478
