Brenneria roseae subsp. roseae	0.9517	0.9445	0.006688	1.077
Brenneria alni	0.9374	0.9469	0.00628	1.513
Brenneria populi	0.9377	0.9468	0.006354	1.432
Brenneria salicis	0.9404	0.9464	0.006866	0.8739
Brenneria goodwinii	0.9556	0.9438	0.005689	2.074
Brenneria nigrifluens	0.9457	0.9455	0.007224	0.02769
Brenneria rubrifaciens	0.95	0.9448	0.006947	0.7485
