Butyricimonas faecihominis	0.9513	0.9297	0.01005	2.149
Butyricimonas paravirosa	0.9397	0.9355	0.01585	0.2650
Butyricimonas virosa	0.9196	0.9455	0.0058	4.466
