Caldicoprobacter oshimai	0.9677	0.9512	0.0168	0.9821
Caldicoprobacter guelmensis	0.9344	0.9679	0.00015	223.3
Caldicoprobacter algeriensis	0.9680	0.9511	0.01665	1.015
