Caloramator mitchellensis	0.8784	0.8908	0.03997	0.3102
Caloramator viterbiensis	0.8920	0.8888	0.04019	0.07962
Caloramator quimbayensis	0.8091	0.9007	0.02384	3.842
Caloramator indicus	0.9207	0.8847	0.03815	0.9436
Caloramator coolhaasii	0.9021	0.8874	0.03987	0.3687
Caloramator boliviensis	0.8852	0.8898	0.04018	0.1145
Caloramator proteoclasticus	0.8782	0.8908	0.03996	0.3153
Caloramator fervidus	0.9482	0.8808	0.03239	2.081
