Capnocytophaga leadbetteri	0.8957	0.8879	0.02278	0.3424
Capnocytophaga sputigena	0.8910	0.8886	0.02293	0.1047
Capnocytophaga ochracea	0.8842	0.8895	0.02287	0.2317
Capnocytophaga haemolytica	0.8541	0.8938	0.01814	2.189
Capnocytophaga cynodegmi	0.9173	0.8848	0.01986	1.636
Capnocytophaga canis	0.8758	0.8907	0.02233	0.6673
Capnocytophaga gingivalis	0.9220	0.8841	0.01863	2.034
Capnocytophaga canimorsus	0.8708	0.8914	0.02175	0.9471
