Carboxydothermus islandicus	0.9502	0.9419	0.009752	0.8511
Carboxydothermus pertinax	0.9283	0.9492	0.001901	10.99
Carboxydothermus siderophilus	0.9508	0.9417	0.009572	0.9507
Carboxydothermus hydrogenoformans	0.9465	0.9431	0.01047	0.3247
