Carboxylicivirga mesophila	0.9382	0.9232	0.00945	1.587
Carboxylicivirga linearis	0.9137	0.9354	0.0028	7.75
Carboxylicivirga flava	0.9326	0.9260	0.01225	0.5388
