Castellaniella ginsengisoli	0.9640	0.9672	0.005417	0.5907
Castellaniella defragrans	0.9703	0.9656	0.00519	0.9056
Castellaniella denitrificans	0.9706	0.9655	0.005119	0.9963
Castellaniella caeni	0.9578	0.9687	0.002736	3.984
Castellaniella hirudinis	0.9700	0.9657	0.005255	0.8183
