Catellatospora paridis	0.9856	0.9816	0.00384	1.042
Catellatospora tagetis	0.9773	0.9833	0.00339	1.770
Catellatospora coxensis	0.9864	0.9814	0.003648	1.371
Catellatospora methionotrophica	0.9829	0.9821	0.004161	0.1923
Catellatospora chokoriensis	0.9845	0.9818	0.004027	0.6705
Catellatospora bangladeshensis	0.9769	0.9833	0.00324	1.975
