Caulobacter rhizosphaerae	0.9488	0.9504	0.006686	0.2393
Caulobacter profundus	0.9479	0.9505	0.006652	0.3909
Caulobacter flavus	0.9538	0.9497	0.006567	0.6243
Caulobacter vibrioides	0.9587	0.9491	0.005896	1.628
Caulobacter henricii	0.9400	0.9515	0.005514	2.086
Caulobacter segnis	0.9436	0.9510	0.006236	1.187
Caulobacter ginsengisoli	0.9472	0.9506	0.006613	0.5141
Caulobacter mirabilis	0.9509	0.9501	0.006701	0.1194
Caulobacter fusiformis	0.9607	0.9489	0.005423	2.176
