Celeribacter baekdonensis	0.9459	0.9424	0.009242	0.3787
Celeribacter naphthalenivorans	0.9550	0.9411	0.007925	1.754
Celeribacter halophilus	0.9431	0.9428	0.009324	0.03218
Celeribacter persicus	0.9517	0.9416	0.00861	1.173
Celeribacter indicus	0.9426	0.9429	0.009324	0.03218
Celeribacter ethanolicus	0.9416	0.9430	0.009311	0.1504
Celeribacter manganoxidans	0.9240	0.9455	0.005387	3.991
Celeribacter marinus	0.9388	0.9434	0.009181	0.5010
