Cellulosimicrobium terreum	0.9675	0.9838	0.001837	8.873
Cellulosimicrobium funkei	0.9846	0.9781	0.007721	0.8419
Cellulosimicrobium aquatile	0.9856	0.9778	0.007407	1.053
Cellulosimicrobium cellulans	0.9813	0.9792	0.008307	0.2528
