Cellvibrio mixtus subsp. mixtus	0.9527	0.9465	0.02025	0.3062
Cellvibrio gandavensis	0.9310	0.9502	0.01906	1.007
Cellvibrio diazotrophicus	0.9296	0.9504	0.01881	1.106
Cellvibrio japonicus	0.9200	0.9520	0.01642	1.949
Cellvibrio fibrivorans	0.9682	0.9440	0.01821	1.329
Cellvibrio ostraviensis	0.9708	0.9435	0.01759	1.552
Cellvibrio fulvus	0.9596	0.9454	0.01967	0.7219
