Chelativorans multitrophicus	0.9410	0.9316	0.01025	0.9171
Chelativorans oligotrophicus	0.9213	0.9414	0.0004	50.25
Chelativorans composti	0.9418	0.9312	0.00985	1.076
