Chitinimonas taiwanensis	0.9415	0.9648	0.03265	0.7136
Chitinimonas koreensis	0.9321	0.9695	0.02795	1.338
Chitinimonas prasina	0.9974	0.9368	0.0047	12.89
