Chlamydophila pneumoniae	0.9254	0.9503	0.00985	2.528
Chlamydophila caviae	0.9601	0.9329	0.0075	3.627
Chlamydophila psittaci	0.9404	0.9428	0.01735	0.1383
