Chromohalobacter marismortui	0.9596	0.9659	0.005183	1.216
Chromohalobacter sarecensis	0.9649	0.9651	0.005708	0.03504
Chromohalobacter beijerinckii	0.9680	0.9645	0.005556	0.6299
Chromohalobacter canadensis	0.9694	0.9643	0.005373	0.9492
Chromohalobacter israelensis	0.9698	0.9642	0.005307	1.055
Chromohalobacter salexigens	0.9549	0.9667	0.003555	3.319
Chromohalobacter nigrandesensis	0.9686	0.9644	0.005487	0.7654
