Chromobacterium violaceum	0.9572	0.9563	0.005095	0.1766
Chromobacterium amazonense	0.9564	0.9564	0.005106	0E+2
Chromobacterium haemolyticum	0.9542	0.9567	0.005028	0.4972
Chromobacterium subtsugae	0.9507	0.9572	0.004557	1.426
Chromobacterium alkanivorans	0.9659	0.9550	0.003367	3.237
Chromobacterium pseudoviolaceum	0.9524	0.9570	0.004843	0.9498
Chromobacterium vaccinii	0.9529	0.9569	0.004906	0.8153
Chromobacterium aquaticum	0.9615	0.9557	0.004671	1.242
