Chromobacterium violaceum	0.9572	0.9563	0.00508	0.1772
Chromobacterium amazonense	0.9564	0.9564	0.00509	0E+1
Chromobacterium haemolyticum	0.9542	0.9567	0.005011	0.4989
Chromobacterium subtsugae	0.9508	0.9572	0.004557	1.404
Chromobacterium alkanivorans	0.9659	0.9551	0.003348	3.226
Chromobacterium pseudoviolaceum	0.9524	0.9570	0.004825	0.9534
Chromobacterium vaccinii	0.9529	0.9569	0.004888	0.8183
Chromobacterium aquaticum	0.9615	0.9557	0.004656	1.246
