Chryseomicrobium palamuruense	0.9861	0.9835	0.0037	0.7027
Chryseomicrobium aureum	0.9798	0.9867	0.00055	12.55
Chryseomicrobium amylolyticum	0.9872	0.9830	0.00315	1.333
