Cloacibacterium rupense	0.9707	0.9639	0.00065	10.46
Cloacibacterium caeni	0.9645	0.9670	0.00375	0.6667
Cloacibacterium normanense	0.9632	0.9676	0.0031	1.419
