Collinsella aerofaciens	0.9028	0.9307	0.01093	2.553
Collinsella massiliensis	0.9197	0.9251	0.01752	0.3082
Collinsella intestinalis	0.9456	0.9164	0.01007	2.900
Collinsella tanakaei	0.9268	0.9227	0.01760	0.2330
