Cryptosporangium cibodasense	0.9794	0.9689	0.008009	1.311
Cryptosporangium mongoliense	0.9592	0.9739	0.006572	2.237
Cryptosporangium japonicum	0.9808	0.9685	0.007493	1.642
Cryptosporangium arvum	0.9647	0.9725	0.008611	0.9058
Cryptosporangium minutisporangium	0.9707	0.9710	0.009294	0.03228
