Cryptosporangium cibodasense	0.9794	0.9689	0.007979	1.316
Cryptosporangium mongoliense	0.9593	0.9739	0.006572	2.222
Cryptosporangium japonicum	0.9808	0.9685	0.007462	1.648
Cryptosporangium arvum	0.9647	0.9726	0.008573	0.9215
Cryptosporangium minutisporangium	0.9707	0.9711	0.009262	0.04319
