Cyclobacterium jeungdonense	0.9270	0.9347	0.01377	0.5592
Cyclobacterium qasimii	0.9438	0.9319	0.01334	0.8921
Cyclobacterium amurskyense	0.9274	0.9346	0.01381	0.5214
Cyclobacterium lianum	0.9210	0.9357	0.01293	1.137
Cyclobacterium caenipelagi	0.9413	0.9323	0.01366	0.6589
Cyclobacterium xiamenense	0.9568	0.9297	0.009668	2.803
Cyclobacterium marinum	0.9179	0.9362	0.01226	1.493
