Deferribacter desulfuricans	0.9488	0.9315	0.0102	1.696
Deferribacter autotrophicus	0.9417	0.9351	0.01375	0.48
Deferribacter abyssi	0.9213	0.9453	0.00355	6.761
