Defluviimonas aquaemixtae	0.9544	0.9418	0.003091	4.076
Defluviimonas aestuarii	0.9445	0.9451	0.006995	0.08578
Defluviimonas denitrificans	0.9375	0.9475	0.00492	2.033
Defluviimonas indica	0.9435	0.9455	0.006933	0.2885
