Defluviimonas aquaemixtae	0.9544	0.9418	0.003138	4.015
Defluviimonas aestuarii	0.9445	0.9451	0.007032	0.08532
Defluviimonas denitrificans	0.9374	0.9475	0.00492	2.053
Defluviimonas indica	0.9435	0.9454	0.006972	0.2725
