Dermacoccus nishinomiyaensis	0.9773	0.9958	0.00015	123.3
Dermacoccus profundi	0.9959	0.9865	0.00915	1.027
Dermacoccus barathri	0.9956	0.9866	0.0093	0.9677
