Desulfobulbus propionicus	0.9211	0.9124	0.01241	0.7010
Desulfobulbus mediterraneus	0.9066	0.9153	0.01240	0.7016
Desulfobulbus elongatus	0.9209	0.9125	0.01243	0.6758
Desulfobulbus japonicus	0.8919	0.9183	0.007117	3.709
Desulfobulbus oligotrophicus	0.9278	0.9111	0.01095	1.525
Desulfobulbus alkaliphilus	0.9149	0.9137	0.01289	0.09310
