Desulfuromonas michiganensis	0.9245	0.9116	0.01178	1.095
Desulfuromonas acetoxidans	0.9050	0.9148	0.01220	0.8033
Desulfuromonas chloroethenica	0.9092	0.9141	0.01262	0.3883
Desulfuromonas thiophila	0.9109	0.9138	0.01270	0.2283
Desulfuromonas svalbardensis	0.8974	0.9161	0.01062	1.761
Desulfuromonas carbonis	0.9357	0.9097	0.008128	3.199
Desulfuromonas acetexigens	0.9112	0.9138	0.01272	0.2044
