Desulfobacter vibrioformis	0.9487	0.9452	0.006939	0.5044
Desulfobacter halotolerans	0.9545	0.9437	0.005236	2.063
Desulfobacter curvatus	0.9492	0.9451	0.006869	0.5969
Desulfobacter latus	0.9381	0.9478	0.005632	1.722
Desulfobacter postgatei	0.9389	0.9476	0.00595	1.462
