Desulfobacterium autotrophicum	0.8564	0.8272	0.02476	1.179
Desulfobacterium niacini	0.8600	0.8260	0.02318	1.467
Desulfobacterium catecholicum	0.8002	0.8459	0.01746	2.617
Desulfobacterium indolicum	0.8213	0.8389	0.02738	0.6428
