Desulfurella multipotens	0.9772	0.9650	0.01642	0.7430
Desulfurella acetivorans	0.9656	0.9689	0.01744	0.1892
Desulfurella amilsii	0.9446	0.9759	0.007895	3.965
Desulfurella propionica	0.9848	0.9625	0.01349	1.653
