Desulfobulbus propionicus	0.9211	0.9124	0.01238	0.7027
Desulfobulbus mediterraneus	0.9066	0.9153	0.01238	0.7027
Desulfobulbus elongatus	0.9209	0.9124	0.01241	0.6849
Desulfobulbus japonicus	0.8919	0.9182	0.007091	3.709
Desulfobulbus oligotrophicus	0.9277	0.9111	0.01095	1.516
Desulfobulbus alkaliphilus	0.9149	0.9136	0.01287	0.1010
