Desulfuromusa succinoxidans	0.9628	0.9572	0.02465	0.2272
Desulfuromusa ferrireducens	0.9325	0.9723	0.0095	4.189
Desulfuromusa bakii	0.9818	0.9477	0.01515	2.251
