Desulfomicrobium macestii	0.9628	0.9346	0.02435	1.158
Desulfomicrobium baculatum	0.9572	0.9357	0.02547	0.8441
Desulfomicrobium thermophilum	0.8946	0.9482	0.01571	3.412
Desulfomicrobium escambiense	0.9424	0.9387	0.02690	0.1375
Desulfomicrobium norvegicum	0.9587	0.9354	0.02521	0.9242
Desulfomicrobium apsheronum	0.9200	0.9431	0.02523	0.9156
