Desulfobacter vibrioformis	0.9487	0.9452	0.006953	0.5034
Desulfobacter halotolerans	0.9545	0.9438	0.005262	2.033
Desulfobacter curvatus	0.9493	0.9451	0.006869	0.6114
Desulfobacter latus	0.9381	0.9479	0.005638	1.738
Desulfobacter postgatei	0.9389	0.9477	0.005957	1.477
