Ectothiorhodospira magna	0.9273	0.9320	0.01237	0.3800
Ectothiorhodospira salini	0.9210	0.9336	0.01122	1.123
Ectothiorhodospira variabilis	0.9511	0.9261	0.00566	4.417
Ectothiorhodospira marina	0.9348	0.9301	0.01238	0.3796
Ectothiorhodospira mobilis	0.9211	0.9336	0.01125	1.111
