Endozoicomonas ascidiicola	0.9437	0.9480	0.006012	0.7152
Endozoicomonas gorgoniicola	0.9478	0.9474	0.006229	0.06422
Endozoicomonas elysicola	0.9496	0.9471	0.006157	0.4060
Endozoicomonas numazuensis	0.9578	0.9457	0.004226	2.863
Endozoicomonas euniceicola	0.9431	0.9481	0.005934	0.8426
Endozoicomonas atrinae	0.9388	0.9489	0.00494	2.045
Endozoicomonas arenosclerae	0.9511	0.9468	0.006016	0.7148
