Entomoplasma luminosum	0.9299	0.9146	0.01094	1.399
Entomoplasma lucivorax	0.9265	0.9158	0.01221	0.8763
Entomoplasma somnilux	0.9173	0.9188	0.01332	0.1126
Entomoplasma melaleucae	0.9001	0.9246	0.005322	4.604
