Ferruginibacter paludis	0.9237	0.9291	0.01275	0.4235
Ferruginibacter yonginensis	0.9163	0.9328	0.00905	1.823
Ferruginibacter alkalilentus	0.9418	0.9200	0.0037	5.892
