Fictibacillus enclensis	0.9446	0.9522	0.01151	0.6603
Fictibacillus phosphorivorans	0.9633	0.9498	0.01089	1.240
Fictibacillus rigui	0.9524	0.9512	0.01177	0.1020
Fictibacillus halophilus	0.9560	0.9507	0.01165	0.4549
Fictibacillus arsenicus	0.9410	0.9526	0.01113	1.042
Fictibacillus gelatini	0.9316	0.9538	0.009171	2.421
Fictibacillus macauensis	0.9458	0.9520	0.01160	0.5345
Fictibacillus nanhaiensis	0.9696	0.9490	0.009576	2.151
Fictibacillus barbaricus	0.9575	0.9505	0.01155	0.6061
