Flavihumibacter stibioxidans	0.9568	0.9623	0.005572	0.9871
Flavihumibacter petaseus	0.9570	0.9622	0.005636	0.9226
Flavihumibacter cheonanensis	0.9700	0.9579	0.001417	8.539
Flavihumibacter sediminis	0.9599	0.9613	0.006176	0.2267
