Fontibacillus phaseoli	0.9531	0.9676	0.00325	4.462
Fontibacillus panacisegetis	0.9708	0.9587	0.0056	2.161
Fontibacillus solani	0.9643	0.9620	0.00885	0.2599
