Frondihabitans sucicola	0.9750	0.9676	0.00125	5.92
Frondihabitans australicus	0.9688	0.9707	0.00435	0.4368
Frondihabitans peucedani	0.9663	0.9719	0.0031	1.806
