Fructobacillus pseudoficulneus	0.9478	0.9372	0.008133	1.303
Fructobacillus durionis	0.9431	0.9388	0.009462	0.4544
Fructobacillus tropaeoli	0.9428	0.9389	0.009506	0.4103
Fructobacillus fructosus	0.9257	0.9446	0.002290	8.253
