Fructobacillus pseudoficulneus	0.9478	0.9372	0.008156	1.300
Fructobacillus durionis	0.9431	0.9388	0.009477	0.4537
Fructobacillus tropaeoli	0.9429	0.9389	0.009506	0.4208
Fructobacillus fructosus	0.9257	0.9446	0.002264	8.348
