Gaetbulibacter lutimaris	0.9558	0.9414	0.009338	1.542
Gaetbulibacter marinus	0.9545	0.9418	0.009947	1.277
Gaetbulibacter aestuarii	0.9334	0.9489	0.008902	1.741
Gaetbulibacter saemankumensis	0.9363	0.9479	0.01027	1.130
