Gemmobacter nanjingensis	0.9360	0.9368	0.01693	0.04725
Gemmobacter nectariphilus	0.9257	0.9381	0.01642	0.7552
Gemmobacter tilapiae	0.9443	0.9358	0.01669	0.5093
Gemmobacter megaterium	0.9225	0.9385	0.01607	0.9956
Gemmobacter lanyuensis	0.9479	0.9353	0.01640	0.7683
Gemmobacter intermedius	0.9057	0.9406	0.0123	2.837
Gemmobacter fontiphilus	0.9584	0.9340	0.01485	1.643
Gemmobacter aquatilis	0.9554	0.9344	0.01541	1.363
Gemmobacter aquaticus	0.9346	0.9370	0.01691	0.1419
