Georgenia thermotolerans	0.9503	0.9414	0.01015	0.8768
Georgenia subflava	0.9483	0.9417	0.01037	0.6365
Georgenia muralis	0.9522	0.9411	0.009884	1.123
Georgenia ruanii	0.9431	0.9424	0.01063	0.06585
Georgenia soli	0.9448	0.9422	0.01059	0.2455
Georgenia sediminis	0.9181	0.9460	0.003965	7.037
Georgenia satyanarayanai	0.9414	0.9427	0.01062	0.1224
Georgenia halophila	0.9419	0.9426	0.01063	0.06585
