Georgenia thermotolerans	0.9503	0.9414	0.01019	0.8734
Georgenia subflava	0.9483	0.9417	0.01040	0.6346
Georgenia muralis	0.9522	0.9411	0.009918	1.119
Georgenia ruanii	0.9431	0.9424	0.01066	0.06567
Georgenia soli	0.9448	0.9422	0.01062	0.2448
Georgenia sediminis	0.9180	0.9460	0.003965	7.062
Georgenia satyanarayanai	0.9414	0.9427	0.01065	0.1221
Georgenia halophila	0.9419	0.9426	0.01066	0.06567
