Glutamicibacter mysorens	0.9745	0.9614	0.009363	1.399
Glutamicibacter bergerei	0.9679	0.9623	0.01015	0.5517
Glutamicibacter protophormiae	0.9705	0.9619	0.009924	0.8666
Glutamicibacter arilaitensis	0.9705	0.9619	0.009924	0.8666
Glutamicibacter soli	0.9600	0.9632	0.01027	0.3116
Glutamicibacter uratoxydans	0.9529	0.9641	0.009626	1.164
Glutamicibacter halophytocola	0.9703	0.9620	0.009945	0.8346
Glutamicibacter ardleyensis	0.9553	0.9638	0.009929	0.8561
Glutamicibacter nicotianae	0.9440	0.9652	0.007519	2.820
