Granulosicoccus marinus	0.9761	0.9866	0.00645	1.628
Granulosicoccus antarcticus	0.9801	0.9846	0.00845	0.5325
Granulosicoccus undariae	0.9930	0.9781	0.0020	7.45
