Gryllotalpicola daejeonensis	0.9627	0.9570	0.006541	0.8714
Gryllotalpicola koreensis	0.9617	0.9572	0.006733	0.6683
Gryllotalpicola kribbensis	0.9558	0.9587	0.006903	0.4201
Gryllotalpicola ginsengisoli	0.9468	0.9610	0.003048	4.659
Gryllotalpicola reticulitermitis	0.9636	0.9568	0.006321	1.076
