Halogeometricum borinquense	0.9497	0.9580	0.00465	1.785
Halogeometricum pallidum	0.9626	0.9515	0.0018	6.167
Halogeometricum rufum	0.9533	0.9562	0.00645	0.4496
