Halorussus amylolyticus	0.9224	0.9289	0.0002	32.5
Halorussus salinus	0.9287	0.9258	0.00335	0.8657
Halorussus ruber	0.9291	0.9256	0.00315	1.111
