Halostagnicola alkaliphila	0.9613	0.9607	0.0099	0.06061
Halostagnicola kamekurae	0.9508	0.9660	0.00465	3.269
Halostagnicola bangensis	0.9706	0.9561	0.00525	2.762
