Haloarchaeobius litoreus	0.9463	0.9184	0.01826	1.528
Haloarchaeobius baliensis	0.9204	0.9270	0.02274	0.2902
Haloarchaeobius iranensis	0.9397	0.9206	0.02090	0.9139
Haloarchaeobius amylolyticus	0.8951	0.9355	0.01099	3.676
