Halorhodospira halochloris	0.9321	0.9079	0.00035	69.14
Halorhodospira neutriphila	0.9075	0.9202	0.01195	1.063
Halorhodospira abdelmalekii	0.9082	0.9198	0.0123	0.9431
