Haloarchaeobius litoreus	0.9462	0.9184	0.01822	1.526
Haloarchaeobius baliensis	0.9204	0.9270	0.02269	0.2909
Haloarchaeobius iranensis	0.9396	0.9206	0.02086	0.9108
Haloarchaeobius amylolyticus	0.8951	0.9354	0.01094	3.684
