Halorhodospira halochloris	0.9321	0.9078	0.0004	60.75
Halorhodospira neutriphila	0.9074	0.9202	0.01195	1.071
Halorhodospira abdelmalekii	0.9082	0.9198	0.01235	0.9393
