Herbiconiux moechotypicola	0.9656	0.9726	0.0025	2.8
Herbiconiux flava	0.9701	0.9704	0.00475	0.06316
Herbiconiux ginsengi	0.9751	0.9679	0.00225	3.2
