Herbiconiux moechotypicola	0.9656	0.9726	0.00255	2.745
Herbiconiux flava	0.9700	0.9704	0.00475	0.08421
Herbiconiux ginsengi	0.9751	0.9678	0.0022	3.318
