Hydrogenovibrio kuenenii	0.9312	0.9282	0.01867	0.1607
Hydrogenovibrio marinus	0.9102	0.9352	0.01396	1.791
Hydrogenovibrio halophilus	0.9204	0.9318	0.01784	0.6390
Hydrogenovibrio crunogenus	0.9539	0.9206	0.008574	3.884
