Jatrophihabitans fulvus	0.9553	0.9556	0.0052	0.05769
Jatrophihabitans soli	0.9608	0.9529	0.00245	3.224
Jatrophihabitans endophyticus	0.9504	0.9581	0.00275	2.8
