Jeotgalibacillus alkaliphilus	0.9619	0.9510	0.00483	2.257
Jeotgalibacillus campisalis	0.9513	0.9528	0.006324	0.2372
Jeotgalibacillus alimentarius	0.9603	0.9513	0.005352	1.682
Jeotgalibacillus terrae	0.9528	0.9525	0.006348	0.04726
Jeotgalibacillus marinus	0.9486	0.9532	0.006104	0.7536
Jeotgalibacillus malaysiensis	0.9479	0.9533	0.006007	0.8990
Jeotgalibacillus soli	0.9451	0.9538	0.005431	1.602
