Jeotgalicoccus halophilus	0.9508	0.9327	0.02181	0.8299
Jeotgalicoccus halotolerans	0.9488	0.9330	0.02200	0.7182
Jeotgalicoccus pinnipedialis	0.8994	0.9391	0.01834	2.165
Jeotgalicoccus nanhaiensis	0.9504	0.9328	0.02185	0.8055
Jeotgalicoccus coquinae	0.9502	0.9328	0.02187	0.7956
Jeotgalicoccus marinus	0.9457	0.9334	0.02225	0.5528
Jeotgalicoccus aerolatus	0.9498	0.9328	0.02191	0.7759
Jeotgalicoccus schoeneichii	0.8986	0.9392	0.01812	2.241
Jeotgalicoccus psychrophilus	0.9188	0.9367	0.02183	0.8200
