Jeotgalibacillus alkaliphilus	0.9619	0.9510	0.004841	2.252
Jeotgalibacillus campisalis	0.9513	0.9528	0.006337	0.2367
Jeotgalibacillus alimentarius	0.9603	0.9513	0.005363	1.678
Jeotgalibacillus terrae	0.9528	0.9525	0.00636	0.04717
Jeotgalibacillus marinus	0.9486	0.9532	0.006119	0.7518
Jeotgalibacillus malaysiensis	0.9478	0.9533	0.006007	0.9156
Jeotgalibacillus soli	0.9451	0.9538	0.005449	1.597
