Kangiella geojedonensis	0.9584	0.9471	0.009337	1.210
Kangiella taiwanensis	0.9574	0.9473	0.00950	1.063
Kangiella profundi	0.9461	0.9489	0.01010	0.2772
Kangiella koreensis	0.9465	0.9488	0.01012	0.2273
Kangiella japonica	0.9579	0.9472	0.009421	1.136
Kangiella marina	0.9539	0.9478	0.009917	0.6151
Kangiella spongicola	0.9351	0.9505	0.008573	1.796
Kangiella sediminilitoris	0.9331	0.9508	0.008004	2.211
