Kineococcus rhizosphaerae	0.9560	0.9416	0.01288	1.118
Kineococcus gynurae	0.9442	0.9433	0.01385	0.06498
Kineococcus endophytica	0.9561	0.9416	0.01287	1.127
Kineococcus gypseus	0.9393	0.9440	0.01375	0.3418
Kineococcus aurantiacus	0.9490	0.9426	0.01367	0.4682
Kineococcus radiotolerans	0.9376	0.9443	0.01365	0.4908
Kineococcus xinjiangensis	0.9514	0.9423	0.01347	0.6756
Kineococcus glutinatus	0.9138	0.9477	0.006966	4.866
