Kluyvera intermedia	0.9766	0.9703	0.00105	6
Kluyvera georgiana	0.9713	0.9729	0.0037	0.4324
Kluyvera ascorbata	0.9692	0.9740	0.00265	1.811
