Kosmotoga arenicorallina	0.9155	0.9182	0.02625	0.1029
Kosmotoga olearia	0.9444	0.9037	0.0118	3.449
Kosmotoga pacifica	0.8919	0.9300	0.01445	2.637
