Kroppenstedtia pulmonis	0.9223	0.9401	0.00835	2.132
Kroppenstedtia eburnea	0.9484	0.9270	0.0047	4.553
Kroppenstedtia guangzhouensis	0.9317	0.9354	0.01305	0.2835
