Lechevalieria xinjiangensis	0.9787	0.9749	0.005211	0.7292
Lechevalieria flava	0.9724	0.9761	0.005225	0.7081
Lechevalieria fradiae	0.9787	0.9749	0.005211	0.7292
Lechevalieria aerocolonigenes	0.9688	0.9768	0.00434	1.843
Lechevalieria roselyniae	0.9830	0.9740	0.004013	2.243
Lechevalieria nigeriaca	0.9714	0.9763	0.005057	0.9690
