Lechevalieria xinjiangensis	0.9787	0.9749	0.005225	0.7273
Lechevalieria flava	0.9724	0.9761	0.005235	0.7068
Lechevalieria fradiae	0.9788	0.9749	0.005211	0.7484
Lechevalieria aerocolonigenes	0.9688	0.9769	0.004349	1.862
Lechevalieria roselyniae	0.9830	0.9740	0.004037	2.229
Lechevalieria nigeriaca	0.9714	0.9763	0.005067	0.9670
