Leeuwenhoekiella marinoflava	0.9544	0.9606	0.01127	0.5501
Leeuwenhoekiella polynyae	0.9514	0.9613	0.01072	0.9235
Leeuwenhoekiella aequorea	0.9491	0.9619	0.01009	1.269
Leeuwenhoekiella nanhaiensis	0.9645	0.9580	0.01123	0.5788
Leeuwenhoekiella palythoae	0.9772	0.9549	0.00588	3.793
