Limnohabitans planktonicus	0.9614	0.9589	0.01355	0.1845
Limnohabitans parvus	0.9453	0.9669	0.0055	3.927
Limnohabitans australis	0.9724	0.9534	0.00805	2.360
