Litoreibacter janthinus	0.9636	0.9582	0.01367	0.3950
Litoreibacter ascidiaceicola	0.9715	0.9566	0.01244	1.198
Litoreibacter halocynthiae	0.9662	0.9577	0.01340	0.6343
Litoreibacter albidus	0.9600	0.9589	0.01384	0.07948
Litoreibacter meonggei	0.9611	0.9587	0.01381	0.1738
Litoreibacter ponti	0.9321	0.9645	0.004111	7.881
