Luteolibacter pohnpeiensis	0.9072	0.9168	0.03475	0.2763
Luteolibacter flavescens	0.8997	0.9183	0.03414	0.5448
Luteolibacter algae	0.9071	0.9168	0.03474	0.2792
Luteolibacter arcticus	0.8918	0.9199	0.03304	0.8505
Luteolibacter cuticulihirudinis	0.8997	0.9183	0.03414	0.5448
Luteolibacter luojiensis	0.9856	0.9011	0.00572	14.77
