Luteolibacter pohnpeiensis	0.9072	0.9168	0.03476	0.2762
Luteolibacter flavescens	0.8997	0.9183	0.03415	0.5447
Luteolibacter algae	0.9071	0.9168	0.03475	0.2791
Luteolibacter arcticus	0.8918	0.9198	0.03305	0.8472
Luteolibacter cuticulihirudinis	0.8996	0.9183	0.03414	0.5477
Luteolibacter luojiensis	0.9856	0.9011	0.005726	14.76
