Macrococcus caseolyticus	0.9715	0.9783	0.005198	1.308
Macrococcus hajekii	0.9800	0.9768	0.005666	0.5648
Macrococcus equipercicus	0.9836	0.9762	0.005077	1.458
Macrococcus bovicus	0.9835	0.9763	0.005101	1.411
Macrococcus lamae	0.9740	0.9778	0.005606	0.6778
Macrococcus brunensis	0.9793	0.9770	0.005722	0.4020
Macrococcus canis	0.9691	0.9787	0.004528	2.120
