Marichromatium purpuratum	0.9777	0.9632	0.0058	2.5
Marichromatium gracile	0.9690	0.9676	0.01015	0.1379
Marichromatium bheemlicum	0.9574	0.9734	0.00435	3.678
