Marinospirillum alkaliphilum	0.9087	0.9428	0.03701	0.9214
Marinospirillum celere	0.8906	0.9489	0.02850	2.046
Marinospirillum minutulum	0.9660	0.9237	0.03485	1.214
Marinospirillum megaterium	0.9719	0.9218	0.03214	1.559
