Marivirga lumbricoides	0.9371	0.9564	0.00810	2.383
Marivirga harenae	0.9644	0.9473	0.009253	1.848
Marivirga sericea	0.9595	0.9489	0.01144	0.9266
Marivirga atlantica	0.9453	0.9537	0.01188	0.7071
