Methanocalculus pumilus	0.9727	0.9672	0.005173	1.063
Methanocalculus chunghsingensis	0.9652	0.9691	0.005451	0.7155
Methanocalculus alkaliphilus	0.9597	0.9705	0.003088	3.497
Methanocalculus halotolerans	0.9726	0.9673	0.005199	1.019
Methanocalculus natronophilus	0.9714	0.9676	0.005458	0.6962
