Methylomicrobium buryatense	0.9450	0.9388	0.01473	0.4209
Methylomicrobium alcaliphilum	0.9543	0.9370	0.01317	1.314
Methylomicrobium pelagicum	0.9471	0.9384	0.01452	0.5992
Methylomicrobium kenyense	0.9383	0.9402	0.01492	0.1273
Methylomicrobium agile	0.9432	0.9392	0.01485	0.2694
Methylomicrobium japanense	0.9113	0.9456	0.005241	6.545
