Methanocorpusculum bavaricum	0.9914	0.9821	0.00675	1.378
Methanocorpusculum sinense	0.9888	0.9834	0.00805	0.6708
Methanocorpusculum parvum	0.9753	0.9901	0.0013	11.38
