Methanocorpusculum bavaricum	0.9915	0.9821	0.00675	1.393
Methanocorpusculum sinense	0.9888	0.9834	0.0081	0.6667
Methanocorpusculum parvum	0.9753	0.9902	0.00135	11.04
