Methylobacillus gramineus	0.9663	0.9608	0.01283	0.4287
Methylobacillus methanolivorans	0.9674	0.9605	0.01272	0.5425
Methylobacillus flagellatus	0.9473	0.9646	0.01096	1.578
Methylobacillus rhizosphaerae	0.9622	0.9616	0.01303	0.04605
Methylobacillus pratensis	0.9464	0.9647	0.01066	1.717
Methylobacillus glycogenes	0.9805	0.9579	0.009208	2.454
