Methanogenium marinum	0.9758	0.9712	0.0019	2.421
Methanogenium frigidum	0.9731	0.9726	0.00325	0.1538
Methanogenium cariaci	0.9693	0.9745	0.00135	3.852
