Methanospirillum hungatei	0.9288	0.9069	0.00755	2.901
Methanospirillum lacunae	0.9144	0.9141	0.01475	0.02034
Methanospirillum stamsii	0.8993	0.9216	0.0072	3.097
