Methylocaldum tepidum	0.9598	0.9617	0.0006	3.167
Methylocaldum gracile	0.9623	0.9605	0.00065	2.769
Methylocaldum szegediense	0.9611	0.9611	0.00125	0E+1
