Methanofollis liminatans	0.9433	0.9123	0.003962	7.824
Methanofollis formosanus	0.9067	0.9245	0.01332	1.336
Methanofollis aquaemaris	0.9145	0.9219	0.01559	0.4747
Methanofollis ethanolicus	0.9156	0.9215	0.01574	0.3748
