Microtetraspora niveoalba	0.9801	0.9827	0.00325	0.8
Microtetraspora fusca	0.9859	0.9798	0.00035	17.43
Microtetraspora glauca	0.9794	0.9830	0.0029	1.241
