Microlunatus ginsengisoli	0.9378	0.9274	0.007856	1.324
Microlunatus soli	0.9291	0.9288	0.008792	0.03412
Microlunatus parietis	0.9392	0.9271	0.007513	1.611
Microlunatus phosphovorus	0.9352	0.9278	0.008334	0.8879
Microlunatus endophyticus	0.9187	0.9305	0.00757	1.559
Microlunatus panaciterrae	0.9230	0.9298	0.008407	0.8088
Microlunatus nigridraconis	0.9189	0.9305	0.007621	1.522
