Microtetraspora niveoalba	0.9801	0.9826	0.0032	0.7813
Microtetraspora fusca	0.9858	0.9798	0.00035	17.14
Microtetraspora glauca	0.9794	0.9830	0.00285	1.263
