Modestobacter multiseptatus	0.9510	0.9766	0.007145	3.583
Modestobacter marinus	0.9833	0.9702	0.01147	1.142
Modestobacter caceresii	0.9838	0.9701	0.01136	1.206
Modestobacter roseus	0.9641	0.9740	0.0120	0.825
Modestobacter versicolor	0.9768	0.9715	0.01248	0.4247
Modestobacter lapidis	0.9751	0.9718	0.0126	0.2619
