Modestobacter multiseptatus	0.9509	0.9766	0.007145	3.597
Modestobacter marinus	0.9833	0.9701	0.01151	1.147
Modestobacter caceresii	0.9838	0.9700	0.01139	1.212
Modestobacter roseus	0.9641	0.9740	0.01204	0.8223
Modestobacter versicolor	0.9768	0.9714	0.01251	0.4317
Modestobacter lapidis	0.9751	0.9718	0.01263	0.2613
