Natronococcus amylolyticus	0.9380	0.9185	0.01135	1.718
Natronococcus jeotgali	0.9298	0.9226	0.01545	0.4660
Natronococcus occultus	0.9071	0.9339	0.0041	6.537
