Natronorubrum texcoconense	0.9268	0.9432	0.006922	2.369
Natronorubrum tibetense	0.9441	0.9389	0.009822	0.5294
Natronorubrum sulfidifaciens	0.9538	0.9365	0.006469	2.674
Natronorubrum aibiense	0.9401	0.9399	0.01009	0.01982
Natronorubrum bangense	0.9349	0.9412	0.009692	0.6500
