Natronococcus amylolyticus	0.9380	0.9184	0.0113	1.735
Natronococcus jeotgali	0.9297	0.9226	0.01545	0.4595
Natronococcus occultus	0.9071	0.9339	0.00415	6.458
