Nautilia lithotrophica	0.9475	0.9554	0.0270	0.2926
Nautilia nitratireducens	0.9284	0.9650	0.01745	2.097
Nautilia profundicola	0.9824	0.9380	0.00955	4.649
