Neptunomonas naphthovorans	0.9372	0.9442	0.009631	0.7268
Neptunomonas acidivorans	0.9308	0.9455	0.008056	1.825
Neptunomonas qingdaonensis	0.9539	0.9409	0.008535	1.523
Neptunomonas antarctica	0.9514	0.9414	0.009184	1.089
Neptunomonas concharum	0.9507	0.9415	0.009329	0.9862
Neptunomonas japonica	0.9344	0.9448	0.00911	1.142
