Nitrobacter winogradskyi	0.9909	0.9804	0.0030	3.5
Nitrobacter vulgaris	0.9834	0.9842	0.00675	0.1185
Nitrobacter alkalicus	0.9774	0.9872	0.00375	2.613
