Oceanisphaera donghaensis	0.9617	0.9519	0.01358	0.7216
Oceanisphaera sediminis	0.9578	0.9525	0.01393	0.3805
Oceanisphaera profunda	0.9409	0.9554	0.01297	1.118
Oceanisphaera marina	0.9438	0.9549	0.01344	0.8259
Oceanisphaera psychrotolerans	0.9541	0.9532	0.01407	0.06397
Oceanisphaera ostreae	0.9371	0.9560	0.01213	1.558
Oceanisphaera arctica	0.9776	0.9492	0.009117	3.115
