Octadecabacter antarcticus	0.9730	0.9657	0.01026	0.7115
Octadecabacter arcticus	0.9579	0.9707	0.008802	1.454
Octadecabacter ponticola	0.9590	0.9704	0.009292	1.227
Octadecabacter temperatus	0.9802	0.9633	0.006874	2.459
