Olivibacter ginsengisoli	0.9131	0.8898	0.01657	1.406
Olivibacter jilunii	0.9106	0.8903	0.01722	1.179
Olivibacter oleidegradans	0.8890	0.8946	0.01897	0.2952
Olivibacter terrae	0.9050	0.8914	0.01829	0.7436
Olivibacter composti	0.8787	0.8967	0.01765	1.020
Olivibacter soli	0.8656	0.8993	0.01327	2.540
