Olsenella scatoligenes	0.9029	0.9509	0.0041	11.71
Olsenella uli	0.9468	0.9290	0.02605	0.6833
Olsenella profusa	0.955	0.9249	0.02195	1.371
