Oxalicibacterium solurbis	0.9557	0.9673	0.00535	2.168
Oxalicibacterium faecigallinarum	0.9726	0.9588	0.0031	4.452
Oxalicibacterium horti	0.9619	0.9642	0.00845	0.2722
