Paenarthrobacter histidinolovorans	0.9800	0.9811	0.01147	0.09590
Paenarthrobacter nicotinovorans	0.9823	0.9806	0.01146	0.1483
Paenarthrobacter ilicis	0.9769	0.9819	0.01126	0.4440
Paenarthrobacter ureafaciens	0.9668	0.9844	0.008349	2.108
Paenarthrobacter aurescens	0.9985	0.9765	0.005919	3.717
