Pararhizobium antarcticum	0.9578	0.9652	0.02395	0.3090
Pararhizobium capsulatum	0.9412	0.9735	0.01565	2.064
Pararhizobium herbae	0.9891	0.9495	0.0083	4.771
