Paraglaciecola psychrophila	0.9394	0.9585	0.009379	2.036
Paraglaciecola chathamensis	0.9717	0.9531	0.009535	1.951
Paraglaciecola agarilytica	0.9664	0.9540	0.01087	1.141
Paraglaciecola mesophila	0.9624	0.9547	0.01147	0.6713
Paraglaciecola arctica	0.9455	0.9575	0.01094	1.097
Paraglaciecola oceanifecundans	0.9568	0.9556	0.01183	0.1014
Paraglaciecola aquimarina	0.9483	0.9570	0.01137	0.7652
