Pararhizobium antarcticum	0.9578	0.9651	0.0240	0.3042
Pararhizobium capsulatum	0.9411	0.9735	0.01565	2.070
Pararhizobium herbae	0.9891	0.9495	0.00835	4.743
