Parabacteroides chinchillae	0.9125	0.9042	0.01549	0.5358
Parabacteroides faecis	0.9187	0.9032	0.01468	1.056
Parabacteroides johnsonii	0.9199	0.9030	0.01446	1.169
Parabacteroides gordonii	0.9079	0.9050	0.01577	0.1839
Parabacteroides merdae	0.9105	0.9046	0.01565	0.3770
Parabacteroides goldsteinii	0.8921	0.9076	0.01468	1.056
Parabacteroides chartae	0.8762	0.9103	0.009171	3.718
