Parvularcula bermudensis	0.9117	0.9117	0.01475	0E+1
Parvularcula lutaonensis	0.9264	0.9043	0.0074	2.986
Parvularcula dongshanensis	0.8969	0.9191	0.00735	3.020
