Patulibacter medicamentivorans	0.9499	0.9540	0.004498	0.9115
Patulibacter americanus	0.9584	0.9511	0.003341	2.185
Patulibacter ginsengiterrae	0.9557	0.9520	0.004583	0.8073
Patulibacter minatonensis	0.9478	0.9547	0.003546	1.946
