Patulibacter medicamentivorans	0.9500	0.9540	0.004511	0.8867
Patulibacter americanus	0.9584	0.9512	0.003374	2.134
Patulibacter ginsengiterrae	0.9558	0.9521	0.004568	0.8100
Patulibacter minatonensis	0.9478	0.9547	0.003511	1.965
