Pectobacterium atrosepticum	0.9685	0.9675	0.006455	0.1549
Pectobacterium aroidearum	0.9619	0.9686	0.005952	1.126
Pectobacterium carotovorum subsp. odoriferum	0.9664	0.9678	0.006444	0.2173
Pectobacterium parmentieri	0.9764	0.9662	0.005182	1.968
Pectobacterium cacticida	0.9577	0.9693	0.004759	2.437
Pectobacterium betavasculorum	0.9686	0.9675	0.006452	0.1705
Pectobacterium wasabiae	0.9739	0.9666	0.005845	1.249
