Pedomicrobium americanum	0.9775	0.9695	0.01585	0.5047
Pedomicrobium manganicum	0.9536	0.9814	0.0039	7.128
Pedomicrobium ferrugineum	0.9853	0.9656	0.01195	1.649
