Pelobacter carbinolicus	0.9143	0.8964	0.0317	0.5647
Pelobacter acidigallici	0.9064	0.8979	0.03235	0.2628
Pelobacter acetylenicus	0.9054	0.8981	0.0324	0.2253
Pelobacter venetianus	0.8758	0.9041	0.03042	0.9303
Pelobacter propionicus	0.8501	0.9092	0.02183	2.707
Pelobacter seleniigenes	0.9441	0.8904	0.02404	2.234
