Pelotomaculum isophthalicicum	0.9180	0.9003	0.01130	1.566
Pelotomaculum thermopropionicum	0.8889	0.9100	0.009733	2.168
Pelotomaculum schinkii	0.9157	0.9011	0.01235	1.182
Pelotomaculum propionicicum	0.8963	0.9075	0.01321	0.8478
