Peptostreptococcus canis	0.9346	0.9237	0.00685	1.591
Peptostreptococcus stomatis	0.9305	0.9257	0.0089	0.5393
Peptostreptococcus anaerobius	0.9168	0.9326	0.00205	7.707
