Phytohabitans rumicis	0.9807	0.9807	0.002014	0E+2
Phytohabitans houttuyneae	0.9790	0.9812	0.001676	1.313
Phytohabitans kaempferiae	0.9835	0.9797	0.0007134	5.327
Phytohabitans suffuscus	0.9795	0.9811	0.001855	0.8625
