Pigmentiphaga daeguensis	0.9771	0.9704	0.00345	1.942
Pigmentiphaga litoralis	0.9669	0.9755	0.00165	5.212
Pigmentiphaga kullae	0.9738	0.9720	0.0051	0.3529
