Planomicrobium okeanokoites	0.9659	0.9594	0.008482	0.7663
Planomicrobium stackebrandtii	0.9460	0.9618	0.006989	2.261
Planomicrobium koreense	0.9700	0.9588	0.007929	1.413
Planomicrobium glaciei	0.9585	0.9603	0.008739	0.2060
Planomicrobium flavidum	0.9653	0.9594	0.008537	0.6911
Planomicrobium mcmeekinii	0.9650	0.9595	0.008562	0.6424
Planomicrobium psychrophilum	0.9571	0.9605	0.008687	0.3914
Planomicrobium alkanoclasticum	0.9466	0.9618	0.007154	2.125
Planomicrobium soli	0.9663	0.9593	0.008442	0.8292
