Plantactinospora sonchi	0.9690	0.9690	0.004808	0E+2
Plantactinospora soyae	0.9647	0.9701	0.004158	1.299
Plantactinospora endophytica	0.9769	0.9671	0.001927	5.086
Plantactinospora mayteni	0.9689	0.9691	0.004808	0.04160
Plantactinospora veratri	0.9656	0.9699	0.004412	0.9746
