Polaromonas hydrogenivorans	0.9468	0.9612	0.003681	3.912
Polaromonas cryoconiti	0.9679	0.9577	0.005305	1.923
Polaromonas naphthalenivorans	0.9606	0.9589	0.006533	0.2602
Polaromonas jejuensis	0.9632	0.9585	0.006315	0.7443
Polaromonas eurypsychrophila	0.9592	0.9591	0.006565	0.01523
Polaromonas aquatica	0.9602	0.9590	0.006548	0.1833
Polaromonas vacuolata	0.9560	0.9597	0.006419	0.5764
