Polaromonas hydrogenivorans	0.9469	0.9612	0.003677	3.889
Polaromonas cryoconiti	0.9679	0.9577	0.005279	1.932
Polaromonas naphthalenivorans	0.9606	0.9589	0.006506	0.2613
Polaromonas jejuensis	0.9632	0.9585	0.006289	0.7473
Polaromonas eurypsychrophila	0.9592	0.9592	0.006537	0E+2
Polaromonas aquatica	0.9603	0.9590	0.006517	0.1995
Polaromonas vacuolata	0.9560	0.9597	0.006387	0.5793
