Polynucleobacter acidiphobus	0.9615	0.9646	0.01586	0.1955
Polynucleobacter difficilis	0.9674	0.9639	0.01585	0.2208
Polynucleobacter sinensis	0.9810	0.9622	0.01460	1.288
Polynucleobacter wuianus	0.9773	0.9626	0.01513	0.9716
Polynucleobacter duraquae	0.9730	0.9632	0.01556	0.6298
Polynucleobacter cosmopolitanus	0.9507	0.9660	0.01506	1.016
Polynucleobacter asymbioticus	0.9745	0.9630	0.01543	0.7453
Polynucleobacter yangtzensis	0.9631	0.9644	0.01589	0.08181
Polynucleobacter rarus	0.9298	0.9686	0.009261	4.190
