Pontibacillus salipaludis	0.9578	0.9468	0.007336	1.499
Pontibacillus marinus	0.9574	0.9469	0.007453	1.409
Pontibacillus salicampi	0.9512	0.9481	0.008506	0.3644
Pontibacillus yanchengensis	0.9471	0.9490	0.008564	0.2219
Pontibacillus chungwhensis	0.9425	0.9499	0.008052	0.9190
Pontibacillus halophilus	0.9359	0.9512	0.005908	2.590
