Prosthecobacter fluviatilis	0.9237	0.9461	0.01218	1.839
Prosthecobacter debontii	0.9441	0.9410	0.01571	0.1973
Prosthecobacter fusiformis	0.9583	0.9375	0.01273	1.634
Prosthecobacter algae	0.9550	0.9383	0.01389	1.202
Prosthecobacter vanneervenii	0.9271	0.9453	0.01352	1.346
