Pseudoclavibacter helvolus	0.9366	0.9210	0.00448	3.482
Pseudoclavibacter endophyticus	0.9253	0.9238	0.008282	0.1811
Pseudoclavibacter terrae	0.9187	0.9254	0.007746	0.8650
Pseudoclavibacter chungangensis	0.9147	0.9264	0.006446	1.815
Pseudoclavibacter soli	0.9251	0.9238	0.00829	0.1568
