Pseudooceanicola nitratireducens	0.9427	0.9485	0.006518	0.8898
Pseudooceanicola antarcticus	0.9428	0.9485	0.00654	0.8716
Pseudooceanicola marinus	0.9421	0.9486	0.006375	1.020
Pseudooceanicola batsensis	0.9580	0.9447	0.003676	3.618
Pseudooceanicola nanhaiensis	0.9510	0.9464	0.006703	0.6863
