Pseudodesulfovibrio portus	0.9211	0.9376	0.003459	4.770
Pseudodesulfovibrio profundus	0.9343	0.9332	0.008945	0.1230
Pseudodesulfovibrio aespoeensis	0.9362	0.9326	0.008778	0.4101
Pseudodesulfovibrio piezophilus	0.9424	0.9305	0.006715	1.772
