Pseudoclavibacter helvolus	0.9366	0.9210	0.004467	3.492
Pseudoclavibacter endophyticus	0.9253	0.9238	0.008266	0.1815
Pseudoclavibacter terrae	0.9188	0.9254	0.007746	0.8521
Pseudoclavibacter chungangensis	0.9147	0.9265	0.006417	1.839
Pseudoclavibacter soli	0.9251	0.9239	0.008275	0.1450
