Pseudothermotoga subterranea	0.9399	0.8952	0.01395	3.204
Pseudothermotoga elfii	0.9091	0.9106	0.02935	0.05111
Pseudothermotoga lettingae	0.8812	0.9245	0.0154	2.812
