Pseudovibrio denitrificans	0.9629	0.9560	0.009274	0.7440
Pseudovibrio stylochi	0.9431	0.9626	0.001687	11.56
Pseudovibrio axinellae	0.9645	0.9555	0.008804	1.022
Pseudovibrio ascidiaceicola	0.9604	0.9568	0.009733	0.3699
