Psychroserpens mesophilus	0.9384	0.9340	0.00255	1.725
Psychroserpens burtonensis	0.9365	0.9349	0.0035	0.4571
Psychroserpens damuponensis	0.9314	0.9375	0.00095	6.421
