Pyrobaculum ferrireducens	0.9403	0.9028	0.02949	1.272
Pyrobaculum oguniense	0.9358	0.9043	0.03120	1.010
Pyrobaculum calidifontis	0.9083	0.9134	0.03486	0.1463
Pyrobaculum arsenaticum	0.8642	0.9281	0.01414	4.519
