Ralstonia syzygii subsp. syzygii	0.9793	0.9797	0.00555	0.07207
Ralstonia insidiosa	0.9730	0.9807	0.004724	1.630
Ralstonia solanacearum	0.9822	0.9792	0.005433	0.5522
Ralstonia pickettii	0.9729	0.9807	0.004696	1.661
Ralstonia syzygii subsp. indonesiensis	0.9879	0.9782	0.00418	2.321
Ralstonia pseudosolanacearum	0.9839	0.9789	0.00522	0.9579
Ralstonia mannitolilytica	0.9781	0.9799	0.005511	0.3266
