Ramlibacter ginsenosidimutans	0.9456	0.9524	0.00425	1.6
Ramlibacter henchirensis	0.9481	0.9511	0.0055	0.5455
Ramlibacter solisilvae	0.9566	0.9469	0.00125	7.76
