Raoultella ornithinolytica	0.9850	0.9747	0.00045	22.89
Raoultella planticola	0.9742	0.9801	0.00495	1.192
Raoultella terrigena	0.9751	0.9796	0.0054	0.8333
