Reyranella graminifolii	0.9583	0.9522	0.0094	0.6489
Reyranella massiliensis	0.9616	0.9506	0.00775	1.419
Reyranella soli	0.9428	0.9600	0.00165	10.42
