Rhodopseudomonas harwoodiae	0.9533	0.9540	0.04439	0.01577
Rhodopseudomonas julia	0.8461	0.9693	0.008535	14.43
Rhodopseudomonas rhenobacensis	0.9651	0.9523	0.04415	0.2899
Rhodopseudomonas parapalustris	0.9676	0.9519	0.04404	0.3565
Rhodopseudomonas palustris	0.9811	0.9500	0.0430	0.7233
Rhodopseudomonas thermotolerans	0.9694	0.9517	0.04394	0.4028
Rhodopseudomonas pseudopalustris	0.9696	0.9517	0.04393	0.4075
Rhodopseudomonas faecalis	0.9790	0.9503	0.04321	0.6642
