Roseospira navarrensis	0.9540	0.9517	0.00095	2.421
Roseospira visakhapatnamensis	0.9507	0.9533	0.0007	3.714
Roseospira goensis	0.9526	0.9524	0.00165	0.1212
