Roseivirga seohaensis subsp. aquiponti	0.9638	0.9430	0.01107	1.879
Roseivirga maritima	0.9431	0.9482	0.01429	0.3569
Roseivirga marina	0.9316	0.9510	0.01157	1.677
Roseivirga seohaensis subsp. seohaensis	0.9608	0.9437	0.01229	1.391
Roseivirga echinicomitans	0.9364	0.9498	0.01316	1.018
