Rubrobacter radiotolerans	0.8735	0.8896	0.02419	0.6656
Rubrobacter taiwanensis	0.8869	0.8869	0.02507	0E+1
Rubrobacter xylanophilus	0.9116	0.8819	0.02195	1.353
Rubrobacter bracarensis	0.8857	0.8871	0.02506	0.05587
Rubrobacter calidifluminis	0.9157	0.8811	0.02071	1.671
Rubrobacter aplysinae	0.8479	0.8947	0.01624	2.882
