Saccharospirillum salsuginis	0.9356	0.9328	0.00415	0.6747
Saccharospirillum correiae	0.9286	0.9363	0.00065	11.85
Saccharospirillum aestuarii	0.9369	0.9321	0.0035	1.371
