Saccharibacillus deserti	0.9580	0.9558	0.01115	0.1973
Saccharibacillus qingshengii	0.9464	0.9597	0.009021	1.474
Saccharibacillus endophyticus	0.9496	0.9586	0.01026	0.8772
Saccharibacillus kuerlensis	0.9715	0.9513	0.004892	4.129
