Saccharibacillus deserti	0.9580	0.9559	0.01114	0.1885
Saccharibacillus qingshengii	0.9464	0.9597	0.008984	1.480
Saccharibacillus endophyticus	0.9497	0.9586	0.01026	0.8674
Saccharibacillus kuerlensis	0.9715	0.9514	0.00488	4.119
