Salegentibacter salegens	0.9495	0.9399	0.01080	0.8889
Salegentibacter agarivorans	0.9501	0.9399	0.01073	0.9506
Salegentibacter salinarum	0.9505	0.9398	0.01067	1.003
Salegentibacter salarius	0.9492	0.9400	0.01084	0.8487
Salegentibacter echinorum	0.9249	0.9435	0.009226	2.016
Salegentibacter holothuriorum	0.9454	0.9405	0.01119	0.4379
Salegentibacter chungangensis	0.9246	0.9435	0.009138	2.068
Salegentibacter mishustinae	0.9349	0.9420	0.01104	0.6431
