Salinisphaera dokdonensis	0.9360	0.9359	0.008121	0.01231
Salinisphaera orenii	0.9498	0.9325	0.002398	7.214
Salinisphaera shabanensis	0.9329	0.9367	0.007944	0.4783
Salinisphaera japonica	0.9315	0.9370	0.007736	0.7110
Salinisphaera halophila	0.9294	0.9376	0.007258	1.130
