Salinimicrobium catena	0.9378	0.9625	0.00785	3.146
Salinimicrobium marinum	0.9497	0.9601	0.01205	0.8631
Salinimicrobium gaetbulicola	0.9575	0.9585	0.01277	0.07831
Salinimicrobium terrae	0.9659	0.9569	0.01223	0.7359
Salinimicrobium xinjiangense	0.9713	0.9558	0.01109	1.398
Salinimicrobium soli	0.9680	0.9564	0.01187	0.9773
