Sanguibacter gelidistatuariae	0.9655	0.9587	0.005954	1.142
Sanguibacter suarezii	0.9649	0.9588	0.006082	1.003
Sanguibacter keddieii	0.9634	0.9591	0.006331	0.6792
Sanguibacter antarcticus	0.9597	0.9599	0.006565	0.03046
Sanguibacter marinus	0.9576	0.9603	0.006472	0.4172
Sanguibacter soli	0.9480	0.9622	0.003067	4.630
