Slackia heliotrinireducens	0.8884	0.8863	0.01111	0.1890
Slackia piriformis	0.9051	0.8821	0.004331	5.311
Slackia exigua	0.8835	0.8875	0.01100	0.3636
Slackia equolifaciens	0.8798	0.8885	0.01046	0.8317
Slackia faecicanis	0.8768	0.8892	0.009673	1.282
