Solirubrobacter ginsenosidimutans	0.9610	0.9650	0.007929	0.5045
Solirubrobacter soli	0.9645	0.9639	0.008175	0.07339
Solirubrobacter pauli	0.9556	0.9668	0.005949	1.883
Solirubrobacter phytolaccae	0.9750	0.9604	0.003661	3.988
