Sphaerisporangium viridialbum	0.9617	0.9578	0.007252	0.5378
Sphaerisporangium rubeum	0.9590	0.9581	0.007364	0.1222
Sphaerisporangium cinnabarinum	0.9670	0.9571	0.006589	1.503
Sphaerisporangium melleum	0.9649	0.9574	0.006928	1.083
Sphaerisporangium rufum	0.9655	0.9573	0.006842	1.198
Sphaerisporangium krabiense	0.9518	0.9590	0.00697	1.033
Sphaerisporangium album	0.9575	0.9583	0.007366	0.1086
Sphaerisporangium siamense	0.9493	0.9593	0.006574	1.521
Sphaerisporangium aureirubrum	0.947	0.9596	0.00606	2.079
