Sphingorhabdus flavimaris	0.9276	0.9358	0.01648	0.4976
Sphingorhabdus wooponensis	0.9477	0.9325	0.01574	0.9657
Sphingorhabdus pacifica	0.9314	0.9352	0.01671	0.2274
Sphingorhabdus litoris	0.9229	0.9366	0.01595	0.8589
Sphingorhabdus marina	0.9127	0.9383	0.01370	1.869
Sphingorhabdus planktonica	0.9635	0.9298	0.01091	3.089
Sphingorhabdus rigui	0.9366	0.9343	0.01674	0.1374
