Sphingomicrobium lutaoense	0.9424	0.9411	0.006797	0.1913
Sphingomicrobium aestuariivivum	0.9498	0.9387	0.003951	2.809
Sphingomicrobium marinum	0.9404	0.9418	0.00679	0.2062
Sphingomicrobium flavum	0.9332	0.9442	0.004043	2.721
