Stackebrandtia albiflava	0.9523	0.9568	0.01345	0.3346
Stackebrandtia endophytica	0.9433	0.9613	0.00895	2.011
Stackebrandtia nassauensis	0.9702	0.9478	0.0045	4.978
