Streptacidiphilus rugosus	0.9711	0.9566	0.01261	1.150
Streptacidiphilus neutrinimicus	0.9619	0.9577	0.01343	0.3127
Streptacidiphilus durhamensis	0.9636	0.9575	0.01335	0.4569
Streptacidiphilus carbonis	0.9629	0.9576	0.01339	0.3958
Streptacidiphilus jiangxiensis	0.9574	0.9583	0.0135	0.06667
Streptacidiphilus albus	0.9588	0.9581	0.01350	0.05185
Streptacidiphilus oryzae	0.9250	0.9624	0.005235	7.144
Streptacidiphilus anmyonensis	0.9687	0.9569	0.01292	0.9133
Streptacidiphilus melanogenes	0.9544	0.9587	0.01343	0.3202
