Sulfolobus yangmingensis	0.8884	0.8693	0.02532	0.7543
Sulfolobus shibatae	0.8980	0.8669	0.02282	1.363
Sulfolobus acidocaldarius	0.8660	0.8749	0.02642	0.3369
Sulfolobus metallicus	0.8301	0.8839	0.01162	4.630
Sulfolobus solfataricus	0.8832	0.8706	0.02612	0.4824
