Sulfurospirillum barnesii	0.9250	0.9069	0.02258	0.8016
Sulfurospirillum arsenophilum	0.9378	0.9048	0.02002	1.648
Sulfurospirillum halorespirans	0.9204	0.9077	0.02310	0.5498
Sulfurospirillum deleyianum	0.9204	0.9077	0.02310	0.5498
Sulfurospirillum arcachonense	0.8804	0.9143	0.01981	1.711
Sulfurospirillum multivorans	0.9076	0.9098	0.02358	0.09330
Sulfurospirillum cavolei	0.8747	0.9153	0.01793	2.264
