Sulfobacillus thermosulfidooxidans	0.9422	0.9114	0.01867	1.650
Sulfobacillus acidophilus	0.8851	0.9305	0.008399	5.405
Sulfobacillus benefaciens	0.9262	0.9168	0.02372	0.3963
Sulfobacillus thermotolerans	0.9230	0.9178	0.02405	0.2162
