Sulfurimonas autotrophica	0.9219	0.9081	0.00365	3.781
Sulfurimonas gotlandica	0.9117	0.9132	0.00875	0.1714
Sulfurimonas denitrificans	0.9044	0.9168	0.0051	2.431
