Syntrophomonas zehnderi	0.8591	0.8746	0.02167	0.7153
Syntrophomonas cellicola	0.8983	0.8681	0.01932	1.563
Syntrophomonas curvata	0.8946	0.8687	0.02020	1.282
Syntrophomonas wolfei subsp. saponavida	0.8726	0.8724	0.02245	0.008909
Syntrophomonas sapovorans	0.8808	0.8710	0.02214	0.4426
Syntrophomonas wolfei subsp. wolfei	0.8689	0.8730	0.02239	0.1831
Syntrophomonas erecta	0.8324	0.8791	0.01389	3.362
