Terribacillus goriensis	0.9808	0.9725	0.00525	1.581
Terribacillus halophilus	0.9777	0.9740	0.0068	0.5441
Terribacillus aidingensis	0.9672	0.9793	0.00155	7.806
