Tessaracoccus oleiagri	0.9317	0.9433	0.01090	1.064
Tessaracoccus lapidicaptus	0.9365	0.9426	0.01145	0.5328
Tessaracoccus defluvii	0.9535	0.9402	0.01065	1.249
Tessaracoccus lubricantis	0.9410	0.9419	0.01164	0.07732
Tessaracoccus arenae	0.9256	0.9441	0.009626	1.922
Tessaracoccus bendigoensis	0.9370	0.9425	0.01148	0.4791
Tessaracoccus flavus	0.9489	0.9408	0.01129	0.7174
Tessaracoccus rhinocerotis	0.9604	0.9392	0.008905	2.381
