Thalassobacillus hwangdonensis	0.9585	0.9610	0.01875	0.1333
Thalassobacillus devorans	0.9797	0.9504	0.00815	3.595
Thalassobacillus cyri	0.9422	0.9691	0.0106	2.538
