Thermaerobacter marianensis	0.9750	0.9674	0.003689	2.060
Thermaerobacter litoralis	0.9709	0.9688	0.005187	0.4049
Thermaerobacter subterraneus	0.9690	0.9694	0.005292	0.07559
Thermaerobacter composti	0.9623	0.9716	0.002504	3.714
