Thermobifida halotolerans	0.9605	0.9582	0.0004	5.75
Thermobifida cellulosilytica	0.9578	0.9596	0.00095	1.895
Thermobifida fusca	0.9586	0.9592	0.00135	0.4444
