Thermoactinomyces khenchelensis	0.9494	0.9506	0.01165	0.1030
Thermoactinomyces vulgaris	0.9622	0.9442	0.00525	3.429
Thermoactinomyces daqus	0.9389	0.9558	0.0064	2.641
