Thermotoga neapolitana	0.9539	0.9114	0.03561	1.193
Thermotoga petrophila	0.9492	0.9130	0.0373	0.9705
Thermotoga naphthophila	0.9214	0.9223	0.04146	0.02171
Thermotoga maritima	0.8637	0.9415	0.01434	5.425
