Thioalkalivibrio thiocyanodenitrificans	0.9144	0.9162	0.008056	0.2234
Thioalkalivibrio nitratis	0.9270	0.9146	0.006937	1.788
Thioalkalivibrio sulfidiphilus	0.9097	0.9168	0.007728	0.9187
Thioalkalivibrio versutus	0.9263	0.9147	0.007087	1.637
Thioalkalivibrio nitratireducens	0.9177	0.9158	0.008051	0.2360
Thioalkalivibrio halophilus	0.9198	0.9155	0.007948	0.5410
Thioalkalivibrio jannaschii	0.9113	0.9166	0.007885	0.6722
Thioalkalivibrio thiocyanoxidans	0.9161	0.9160	0.008077	0.01238
Thioalkalivibrio paradoxus	0.9014	0.9178	0.00595	2.756
