Thioalkalivibrio thiocyanodenitrificans	0.9144	0.9162	0.008063	0.2232
Thioalkalivibrio nitratis	0.9270	0.9146	0.006943	1.786
Thioalkalivibrio sulfidiphilus	0.9097	0.9167	0.007737	0.9047
Thioalkalivibrio versutus	0.9263	0.9147	0.007093	1.635
Thioalkalivibrio nitratireducens	0.9177	0.9157	0.008058	0.2482
Thioalkalivibrio halophilus	0.9198	0.9155	0.007955	0.5405
Thioalkalivibrio jannaschii	0.9112	0.9166	0.007885	0.6848
Thioalkalivibrio thiocyanoxidans	0.9161	0.9159	0.008084	0.02474
Thioalkalivibrio paradoxus	0.9014	0.9178	0.005964	2.750
