Thiomicrorhabdus psychrophyla	0.9609	0.9411	0.0073	2.712
Thiomicrorhabdus frisia	0.9338	0.9547	0.00625	3.344
Thiomicrorhabdus chilensis	0.9484	0.9474	0.01355	0.07380
