Tissierella creatinophila	0.9033	0.9314	0.00475	5.916
Tissierella praeacuta	0.9361	0.9150	0.01165	1.811
Tissierella creatinini	0.9266	0.9197	0.0164	0.4207
