Tropicibacter phthalicicus	0.9278	0.9459	0.01238	1.462
Tropicibacter multivorans	0.9433	0.9407	0.01529	0.1700
Tropicibacter mediterraneus	0.9622	0.9344	0.006522	4.262
Tropicibacter litoreus	0.9322	0.9444	0.01407	0.8671
