Variovorax boronicumulans	0.9675	0.9670	0.003853	0.1298
Variovorax soli	0.9715	0.9665	0.003422	1.461
Variovorax defluvii	0.9654	0.9673	0.003795	0.5007
Variovorax paradoxus	0.9629	0.9677	0.003463	1.386
Variovorax ginsengisoli	0.9683	0.9669	0.003826	0.3659
Variovorax humicola	0.9693	0.9668	0.003752	0.6663
Variovorax gossypii	0.9712	0.9665	0.003482	1.350
Variovorax dokdonensis	0.9607	0.9680	0.002861	2.552
