Zhihengliuella halotolerans	0.9663	0.9723	0.003835	1.565
Zhihengliuella alba	0.9673	0.9720	0.004276	1.099
Zhihengliuella salsuginis	0.9731	0.9701	0.004638	0.6468
Zhihengliuella flava	0.9766	0.9689	0.002998	2.568
