Zhongshania antarctica	0.9855	0.9886	0.0038	0.8158
Zhongshania guokunii	0.9848	0.9890	0.00345	1.217
Zhongshania borealis	0.9924	0.9852	0.00035	20.57
