Phascolarctobacterium succinatutens	0.8678	0.8609	0.01518	0.4545
Acidaminococcus fermentans	0.8797	0.8579	0.01204	1.811
Succiniclasticum ruminis	0.8373	0.8685	0.006728	4.637
Acidaminococcus intestini	0.8632	0.8620	0.01548	0.07752
Phascolarctobacterium faecium	0.8633	0.8620	0.01548	0.08398
