Ferrithrix thermotolerans	0.8274	0.8418	0.02040	0.7059
Ilumatobacter coccineum	0.8675	0.8318	0.01425	2.505
Ilumatobacter fluminis	0.8509	0.8360	0.02033	0.7329
Acidimicrobium ferrooxidans	0.8371	0.8394	0.02138	0.1076
Ilumatobacter nonamiense	0.8118	0.8457	0.01509	2.247
