Actinocrinis puniceicyclus	0.8971	0.9701	0.00215	33.95
Actinospica durhamensis	0.9722	0.9325	0.0354	1.121
Actinospica acidiphila	0.9679	0.9347	0.03755	0.8842
