Caldicoprobacter oshimai	0.9677	0.9513	0.01675	0.9791
Caldicoprobacter guelmensis	0.9345	0.9679	0.00015	222.7
Caldicoprobacter algeriensis	0.9680	0.9511	0.0166	1.018
