Catenulispora yoronensis	0.9657	0.9622	0.005616	0.6232
Catenulispora acidiphila	0.9695	0.9613	0.004519	1.815
Catenulispora rubra	0.9608	0.9635	0.005705	0.4733
Catenulispora graminis	0.9541	0.9651	0.003105	3.543
Catenulispora subtropica	0.9645	0.9625	0.00576	0.3472
