Chelatococcus asaccharovorans	0.9290	0.9353	0.01474	0.4274
Camelimonas abortus	0.9190	0.9367	0.01353	1.308
Chelatococcus sambhunathii	0.9550	0.9316	0.01240	1.887
Camelimonas fluminis	0.9343	0.9345	0.01491	0.01341
Chelatococcus caeni	0.9492	0.9324	0.01368	1.228
Chelatococcus reniformis	0.9325	0.9348	0.01489	0.1545
Chelatococcus daeguensis	0.9455	0.9329	0.01423	0.8855
Camelimonas lactis	0.9116	0.9378	0.01169	2.241
