Desulfurispirillum alkaliphilum	0.9296	0.8776	0.0211	2.464
Desulfurispirillum indicum	0.8987	0.8931	0.03655	0.1532
Chrysiogenes arsenatis	0.8565	0.9142	0.01545	3.735
