Collinsella aerofaciens	0.8919	0.9012	0.01317	0.7062
Collinsella massiliensis	0.9032	0.8993	0.01355	0.2878
Collinsella intestinalis	0.9001	0.8998	0.01363	0.02201
Enorma massiliensis	0.8869	0.9020	0.01237	1.221
Enorma timonensis	0.8880	0.9019	0.01258	1.105
Coriobacterium glomerans	0.9022	0.8995	0.01359	0.1987
Collinsella tanakaei	0.9268	0.8954	0.006689	4.694
