Cryptosporangium cibodasense	0.9698	0.9523	0.02184	0.8013
Cryptosporangium mongoliense	0.9487	0.9565	0.02276	0.3427
Cryptosporangium japonicum	0.9661	0.9530	0.02235	0.5861
Fodinicola feengrottensis	0.9112	0.9640	0.007969	6.626
Cryptosporangium arvum	0.9647	0.9533	0.02251	0.5064
Cryptosporangium minutisporangium	0.9707	0.9521	0.02169	0.8575
