Phorcysia thermohydrogeniphila	0.9038	0.9186	0.006515	2.272
Desulfurobacterium thermolithotrophum	0.9164	0.9168	0.008361	0.04784
Thermovibrio guaymasensis	0.9290	0.9150	0.006747	2.075
Thermovibrio ruber	0.9082	0.9180	0.007611	1.288
Thermovibrio ammonificans	0.9127	0.9174	0.008199	0.5732
Desulfurobacterium indicum	0.9242	0.9157	0.007806	1.089
Desulfurobacterium atlanticum	0.9217	0.9161	0.008122	0.6895
Desulfurobacterium pacificum	0.9182	0.9166	0.008342	0.1918
