Desulfomicrobium macestii	0.9498	0.9123	0.02461	1.524
Desulfomicrobium baculatum	0.9439	0.9132	0.02594	1.184
Desulfomicrobium thermophilum	0.8889	0.9224	0.02543	1.317
Desulfomicrobium escambiense	0.9181	0.9175	0.02841	0.02112
Desulfomicrobium norvegicum	0.9309	0.9154	0.02780	0.5576
Desulfoplanes formicivorans	0.8717	0.9253	0.01993	2.689
Desulfomicrobium apsheronum	0.9200	0.9172	0.02839	0.09863
