Telmatocola sphagniphila	0.8081	0.8385	0.01465	2.075
Gemmata obscuriglobus	0.8238	0.8306	0.0225	0.3022
Zavarzinella formosa	0.8531	0.8160	0.00785	4.726
