Granulosicoccus undariae	0.9560	0.9371	0.03925	0.4815
Granulosicoccus coccoides	0.9460	0.9404	0.04028	0.1390
Sulfuriflexus mobilis	0.8852	0.9607	0.01431	5.276
Granulosicoccus marinus	0.9801	0.9291	0.03129	1.630
