Sulfuritortus calidifontis	0.8562	0.9387	0.03879	2.127
Hydrogenophilus thermoluteolus	0.9213	0.9257	0.05133	0.08572
Hydrogenophilus islandicus	0.9104	0.9278	0.05087	0.3420
Hydrogenophilus hirschii	0.8927	0.9314	0.04888	0.7917
Tepidiphilus margaritifer	0.9772	0.9145	0.04453	1.408
Tepidiphilus succinatimandens	0.9918	0.9116	0.03956	2.027
