Methanocaldococcus jannaschii	0.9422	0.9141	0.02628	1.069
Methanocaldococcus bathoardescens	0.9353	0.9151	0.02717	0.7435
Methanocaldococcus villosus	0.9008	0.9200	0.02726	0.7043
Methanocaldococcus infernus	0.9151	0.9179	0.02808	0.09972
Methanocaldococcus vulcanius	0.9074	0.9190	0.02779	0.4174
Methanocaldococcus indicus	0.8891	0.9217	0.02563	1.272
Methanocaldococcus fervens	0.8849	0.9223	0.02480	1.508
Methanotorris igneus	0.9659	0.9107	0.02021	2.731
