Methanolinea mesophila	0.9153	0.8992	0.01341	1.201
Methanolinea tarda	0.8982	0.9049	0.01528	0.4385
Methanoregula formicica	0.9161	0.8989	0.01307	1.316
Methanosphaerula palustris	0.8833	0.9099	0.008256	3.222
