Butyricimonas paravirosa	0.8655	0.8088	0.0366	1.549
Odoribacter laneus	0.8074	0.8204	0.04297	0.3025
Butyricimonas virosa	0.8624	0.8094	0.03752	1.413
Butyricimonas faecihominis	0.8238	0.8172	0.04322	0.1527
Odoribacter splanchnicus	0.8012	0.8217	0.04249	0.4825
Butyricimonas synergistica	0.7493	0.8321	0.02708	3.058
