Cephaloticoccus capnophilus	0.9001	0.8573	0.01295	3.305
Opitutus terrae	0.8702	0.8722	0.0279	0.07168
Alterococcus agarolyticus	0.8443	0.8852	0.01495	2.736
