Planktothricoides raciborskii	0.8424	0.8464	0.01547	0.2586
Pantanalinema rosaneae	0.8682	0.8378	0.003408	8.920
Alkalinema pantanalense	0.8343	0.8491	0.01373	1.078
Halospirulina tapeticola	0.8366	0.8483	0.01445	0.8097
