Parvularcula lutaonensis	0.9001	0.9033	0.04376	0.07313
Amphiplicatus metriothermophilus	0.8444	0.9173	0.02925	2.492
Parvularcula dongshanensis	0.9083	0.9013	0.04367	0.1603
Parvularcula bermudensis	0.8935	0.9050	0.04348	0.2645
Aquisalinus flavus	0.9671	0.8866	0.02491	3.232
