Pelagicoccus litoralis	0.8612	0.8313	0.02271	1.317
Puniceicoccus vermicola	0.8148	0.8391	0.02365	1.027
Pelagicoccus albus	0.8704	0.8298	0.02019	2.011
Ruficoccus amylovorans	0.8254	0.8373	0.02496	0.4768
Pelagicoccus mobilis	0.8537	0.8326	0.02407	0.8766
Pelagicoccus croceus	0.8125	0.8395	0.02323	1.162
Cerasicoccus arenae	0.8112	0.8397	0.02297	1.241
