Saccharospirillum salsuginis	0.9138	0.8829	0.02953	1.046
Saccharospirillum impatiens	0.9169	0.8819	0.02835	1.235
Saccharospirillum correiae	0.8869	0.8919	0.03323	0.1505
Saccharospirillum aestuarii	0.8449	0.9059	0.01347	4.529
