Salinisphaera dokdonensis	0.9360	0.9359	0.008108	0.01233
Salinisphaera orenii	0.9498	0.9325	0.002389	7.242
Salinisphaera shabanensis	0.9329	0.9367	0.007928	0.4793
Salinisphaera japonica	0.9316	0.9370	0.007736	0.6980
Salinisphaera halophila	0.9294	0.9376	0.007237	1.133
