Sanguibacter gelidistatuariae	0.9592	0.9499	0.01027	0.9056
Sanguibacter suarezii	0.9584	0.9500	0.01038	0.8092
Sanguibacter keddieii	0.9561	0.9504	0.01064	0.5357
Sanguibacter antarcticus	0.9508	0.9513	0.01085	0.04608
Timonella senegalensis	0.9285	0.9550	0.004159	6.372
Sanguibacter marinus	0.9576	0.9502	0.01048	0.7061
Sanguibacter soli	0.9480	0.9518	0.01076	0.3532
