Sinobacterium caligoides	0.8835	0.9155	0.03191	1.003
Spongiibacter tropicus	0.9094	0.9123	0.03363	0.08623
Sinobacterium norvegicum	0.8692	0.9173	0.02958	1.626
Dasania marina	0.8730	0.9168	0.03031	1.445
Zhongshania aliphaticivorans	0.9484	0.9074	0.03073	1.334
Spongiibacter marinus	0.9121	0.9119	0.03364	0.005945
Zhongshania antarctica	0.9597	0.9060	0.02847	1.886
Zhongshania guokunii	0.9471	0.9075	0.03095	1.279
Zhongshania borealis	0.9050	0.9128	0.03354	0.2326
