Desulfomonile limimaris	0.8344	0.8665	0.06089	0.5272
Syntrophus buswellii	0.8901	0.8554	0.06065	0.5721
Smithella propionica	0.8544	0.8625	0.0622	0.1302
Desulfomonile tiedjei	0.8211	0.8692	0.05911	0.8137
Desulfobacca acetoxidans	0.7964	0.8741	0.05359	1.450
Syntrophus gentianae	0.9707	0.8393	0.03164	4.153
