Annwoodia aquaesulis	0.9081	0.9573	0.0003	164
Thiobacillus thiophilus	0.9570	0.9329	0.02475	0.9737
Thiobacillus thioparus	0.9576	0.9326	0.02445	1.022
