Thioalkalispira microaerophila	0.8781	0.9071	0.02202	1.317
Endothiovibrio diazotrophicus	0.8849	0.9048	0.02441	0.8152
Thioprofundum hispidum	0.9371	0.8874	0.008794	5.652
Thiohalophilus thiocyanatoxydans	0.8992	0.9000	0.02636	0.03035
