Thorsellia kandunguensis	0.9584	0.9463	0.01815	0.6667
Coetzeea brasiliensis	0.9281	0.9614	0.0030	11.1
Thorsellia anophelis	0.9644	0.9433	0.01515	1.393
