Thermoflexibacter ruber	0.7845	0.8689	0.06716	1.257
Luteivirga sdotyamensis	0.7747	0.8722	0.06258	1.558
Ohtaekwangia kribbensis	0.9263	0.8217	0.05963	1.754
Ohtaekwangia koreensis	0.9058	0.8285	0.06927	1.116
